cylinders, displacement, horsepower, <weight, >acceltn, model, origin, >mpg, >dom, !klass
8,260..,138..,3086,10,..73,1,10,0.48,..0.87
8,260..,138..,4341,10,..73,1,20,0.62,..0.87
8,260..,138..,3609,8,..73,1,10,0.28,..0.87
8,260..,138..,4376,15,..73,1,10,0.36,..0.87
8,260..,138..,4732,18.5,..73,1,10,0.5,..0.87
8,260..,138..,3850,8.5,..73,1,20,0.55,..0.87
8,260..,138..,3563,10,..73,1,20,0.71,..0.87
8,260..,138..,3761,9.5,..73,1,20,0.69,..0.87
8,260..,138..,3433,12,..73,1,20,0.79,..0.87
8,260..,138..,4382,13.5,..73,1,10,0.27,..0.87
8,260..,138..,4615,14,..73,1,10,0.17,..0.87
8,260..,138..,4425,10,..73,1,10,0.13,..0.87
8,260..,138..,3693,11.5,..73,1,20,0.74,..0.87
8,260..,138..,4354,9,..73,1,10,0.04,..0.87
8,260..,138..,3449,10.5,..73,1,20,0.91,0.9..1
8,260..,138..,4312,8.5,..73,1,10,0.08,..0.87
8,260..,138..,4464,11.5,..73,1,10,0.13,..0.87
8,260..,138..,4746,12,..73,1,10,0.1,..0.87
8,260..,138..,5140,12,..73,1,10,0,..0.87
8,260..,138..,4955,11.5,..73,1,10,0.03,..0.87
8,260..,138..,4154,13.5,..73,1,10,0.36,..0.87
8,260..,138..,4209,12,..73,1,10,0.24,..0.87
8,260..,138..,4096,13,..73,1,10,0.31,..0.87
6,..258,..110,3329,15.5,..73,1,20,0.92,0.9..1
6,..258,..110,3439,15.5,..73,1,20,0.92,0.9..1
8,260..,138..,4502,13.5,..73,1,10,0.16,..0.87
8,260..,138..,4129,13,..73,1,10,0.36,..0.87
8,260..,138..,4274,12,..73,1,10,0.2,..0.87
8,260..,138..,4135,13.5,..73,1,20,0.69,..0.87
8,260..,138..,3672,11.5,..73,1,20,0.78,..0.87
8,260..,138..,4456,13.5,..73,1,10,0.31,..0.87
8,260..,138..,4294,16,..73,1,10,0.58,..0.87
8,260..,138..,3892,12.5,..73,1,20,0.7,..0.87
8,260..,120..137,4098,14,..73,1,10,0.48,..0.87
8,260..,138..,4633,11,..73,1,10,0.11,..0.87
8,260..,138..,4422,12.5,..73,1,10,0.16,..0.87
8,260..,138..,4077,14,..73,1,10,0.43,..0.87
8,260..,138..,4385,12,..73,1,10,0.22,..0.87
8,260..,138..,4951,11,..73,1,10,0.02,..0.87
8,260..,138..,4952,11.5,..73,1,10,0.05,..0.87
8,260..,138..,4735,11,..73,1,10,0.05,..0.87
8,260..,138..,4237,14.5,..73,1,10,0.45,..0.87
8,260..,138..,4499,12.5,..73,1,10,0.19,..0.87
8,260..,138..,3664,11,..73,1,10,0.46,..0.87
8,260..,138..,3821,11,..73,1,10,0.32,..0.87
8,260..,138..,4906,12.5,..73,1,10,0.09,..0.87
8,260..,138..,4100,13,..73,1,10,0.29,..0.87
8,260..,138..,4363,13,..73,1,10,0.29,..0.87
8,260..,138..,4654,13,..73,1,10,0.21,..0.87
8,260..,138..,4278,9.5,..73,1,20,0.57,..0.87
8,260..,138..,3672,11.5,..73,1,10,0.52,..0.87
8,260..,138..,4464,12,..73,1,10,0.14,..0.87
8,260..,138..,4997,14,..73,1,10,0.12,..0.87
8,260..,138..,3988,13,..73,1,10,0.45,..0.87
8,260..,138..,3399,11,..73,1,20,0.83,..0.87
8,260..,138..,3777,12.5,..73,1,20,0.79,..0.87
8,260..,138..,4082,13,..73,1,20,0.73,..0.87
8,260..,120..137,4042,14.5,..73,1,10,0.48,..0.87
6,..258,..110,3278,18,73..75,1,20,0.98,0.9..1
6,..258,..110,3781,17,73..75,1,20,0.83,..0.87
6,..258,..110,3632,18,73..75,1,20,0.95,0.9..1
6,..258,..110,3336,17,73..75,1,20,0.96,0.9..1
8,260..,138..,4141,14,73..75,1,20,0.82,..0.87
8,260..,138..,4257,15.5,73..75,1,10,0.39,..0.87
8,260..,138..,4638,16,73..75,1,10,0.31,..0.87
8,260..,138..,4699,14.5,73..75,1,10,0.14,..0.87
8,260..,138..,4457,13.5,73..75,1,10,0.26,..0.87
8,260..,138..,4440,14,73..75,1,20,0.69,..0.87
6,..258,..110,3907,21,73..75,1,20,0.96,0.9..1
6,..258,..110,3730,19,73..75,1,20,0.94,0.9..1
6,..258,..110,3897,18.5,73..75,1,20,0.91,0.9..1
8,260..,138..,4498,14.5,73..75,1,20,0.66,..0.87
8,260..,120..137,3169,12,73..75,1,10,0.58,..0.87
6,..258,..110,3158,19.5,73..75,1,20,1,0.9..1
8,260..,138..,4657,13.5,73..75,1,10,0.1,..0.87
6,..258,..110,3432,21,73..75,1,20,1,0.9..1
8,260..,138..,4668,11.5,75..77,1,20,0.58,..0.87
8,260..,138..,4215,12.8,75..77,1,10,0.36,..0.87
8,260..,138..,4055,12,75..77,1,10,0.29,..0.87
8,260..,138..,3940,13.2,75..77,1,10,0.37,..0.87
8,260..,138..,3755,14,75..77,1,10,0.53,..0.87
6,..258,120..137,3820,16.7,75..77,2,20,0.85,..0.87
8,260..,120..137,3962,13.9,75..77,1,20,0.8,..0.87
8,260..,120..137,3870,15,75..77,1,10,0.46,..0.87
8,260..,138..,4380,12.1,75..77,1,20,0.54,..0.87
8,260..,138..,4190,13,75..77,1,20,0.62,..0.87
8,260..,138..,4140,13.7,75..77,1,20,0.8,..0.87
8,260..,138..,4335,14.5,75..77,1,20,0.68,..0.87
8,260..,138..,4165,11.4,75..77,1,20,0.64,..0.87
8,260..,138..,4220,11.1,77..,1,20,0.64,..0.87
8,260..,..110,4060,19,77..,1,20,0.87,..0.87
8,260..,120..137,4295,14.9,77..,1,20,0.71,..0.87
8,260..,138..,4325,12.2,77..,1,20,0.58,..0.87
6,..258,120..137,3410,15.8,77..,2,20,0.9,0.9..1
6,..258,120..137,3140,13.6,77..,2,20,0.87,..0.87
8,260..,138..,4360,14.9,77..,1,20,0.68,..0.87
8,260..,138..,4054,14.3,77..,1,20,0.82,..0.87
8,260..,138..,3955,13.2,77..,1,20,0.76,..0.87
8,260..,120..137,3840,15.4,77..,1,20,0.86,..0.87
